frame_index,t_monotonic_ns
0,138433940499344
1,138433961751269
2,138433979826013
3,138433999901479
4,138434019801826
5,138434039816973
6,138434059741474
7,138434079966468
8,138434099948099
9,138434120097867
10,138434139934681
11,138434160797298
12,138434180385411
13,138434199968788
14,138434220135656
15,138434240342586
16,138434259987032
17,138434279978017
18,138434299961492
19,138434320074007
20,138434339955822
21,138434359959436
22,138434384115381
23,138434403898288
24,138434424064667
25,138434444234416
26,138434464066213
27,138434483978689
28,138434503986641
29,138434523998904
30,138434544065278
31,138434563902254
32,138434584176028
33,138434604045709
34,138434624149983
35,138434643995485
36,138434664068852
37,138434685095578
38,138434704225309
39,138434724179332
40,138434743951223
41,138434764115675
42,138434784318269
43,138434803985808
44,138434824185135
45,138434844106100
46,138434864104485
47,138434888033693
48,138434907978234
49,138434929050103
50,138434949009984
51,138434968378135
52,138434988631439
53,138435008226100
54,138435028132782
55,138435048118624
56,138435068290147
57,138435088055376
58,138435107966985
59,138435127914710
60,138435148113531
61,138435168069706
62,138435189145979
63,138435208210319
64,138435227994499
65,138435247966311
66,138435268280055
67,138435287862965
68,138435307760232
69,138435328037849
70,138435347822007
71,138435367810105
72,138435391866746
73,138435411776453
74,138435432607967
75,138435451942572
76,138435472042914
77,138435491750364
78,138435511820489
79,138435531713178
80,138435551766432
81,138435571953731
82,138435591910592
83,138435611760627
84,138435631834238
85,138435651708746
86,138435671874994
87,138435692206233
88,138435712052034
89,138435732136176
90,138435751987123
91,138435772046256
92,138435792061465
93,138435811932637
94,138435832089848
95,138435852037064
96,138435871947148
97,138435895828897
98,138435915787663
99,138435936819860
100,138435956864233
101,138435976272196
102,138435995954038
103,138436016186152
104,138436035834542
105,138436055710857
106,138436075981604
107,138436095723388
108,138436115800758
109,138436135750618
110,138436155793530
111,138436175898305
112,138436195904281
113,138436215751706
114,138436236281055
115,138436255819414
116,138436275934667
117,138436295863080
118,138436315788550
119,138436335838389
120,138436355777132
121,138436375846662
122,138436399754425
123,138436419720483
124,138436440296152
125,138436461415559
126,138436480421159
127,138436499794457
128,138436520289666
129,138436541013026
130,138436568183358
131,138436586852001
132,138436606972698
133,138436625190851
134,138436642577570
135,138436665223378
136,138436680653214
137,138436705237093
138,138436726360707
139,138436745392924
140,138436759876056
141,138436779839708
142,138436800029746
143,138436819814059
144,138436839989990
145,138436860197804
146,138436879907898
147,138436903708621
148,138436923836082
149,138436945532365
150,138436964198485
151,138436984061826
152,138437004125315
153,138437023937272
154,138437043997549
155,138437063920554
156,138437084049468
157,138437103934158
158,138437123960097
159,138437143906874
160,138437163989940
161,138437184349699
162,138437204239845
163,138437224059342
164,138437244034209
165,138437264040530
166,138437283991653
167,138437303928862
168,138437323947963
169,138437343840895
170,138437363901268
171,138437383853559
172,138437407827690
173,138437427831045
174,138437447750163
175,138437467709382
176,138437487671128
177,138437507845127
178,138437527883072
179,138437547956642
180,138437567742879
181,138437587628645
182,138437607632359
183,138437627624082
184,138437647632464
185,138437667590334
186,138437688475988
187,138437707545128
188,138437727773790
189,138437747914165
190,138437768083508
191,138437787776202
192,138437807885363
193,138437827862498
194,138437847708925
195,138437867662030
196,138437887882186
197,138437911692104
198,138437931764897
199,138437952261235
200,138437972029422
201,138437992080074
202,138438012360776
203,138438031987134
204,138438051827332
205,138438071941626
206,138438091968580
207,138438111719090
208,138438131790593
209,138438151788960
210,138438172036850
211,138438193671794
212,138438211908073
213,138438231824773
214,138438251811962
215,138438271822198
216,138438292223384
217,138438311854078
218,138438331948246
219,138438352246968
220,138438371888376
221,138438392156344
222,138438415892953
223,138438435814633
224,138438456056954
225,138438475902867
226,138438496067922
227,138438515741628
228,138438535798109
229,138438556236788
230,138438575963088
231,138438596148166
232,138438616391935
233,138438636075043
234,138438656307415
235,138438676206702
236,138438698116734
237,138438715863501
238,138438737980867
239,138438756192901
240,138438775846973
241,138438795946804
242,138438816146438
243,138438835864939
244,138438856276205
245,138438875931487
246,138438895948526
247,138438919984691
248,138438940193390
249,138438959824335
250,138438979955268
251,138438999668837
252,138439019694883
253,138439039527309
254,138439059861529
255,138439079609633
256,138439100259418
257,138439120293688
258,138439140275926
259,138439160276685
260,138439180253559
261,138439201525962
262,138439219846388
263,138439239673506
264,138439259933384
265,138439279785787
266,138439299635061
267,138439319944327
268,138439339993216
269,138439359988190
270,138439379839069
271,138439399782626
272,138439423973325
273,138439444367475
274,138439464196510
275,138439483883794
276,138439504280709
277,138439524030279
278,138439544022585
279,138439563946193
280,138439583955795
281,138439603886858
282,138439623834489
283,138439643900746
284,138439663942956
285,138439684044598
286,138439704464925
287,138439723964666
288,138439743913991
289,138439763835648
290,138439784220942
291,138439804074057
292,138439823926485
293,138439843840812
294,138439863951198
295,138439883980818
296,138439904121261
297,138439927867249
298,138439949727543
299,138439968531413
300,138439988073965
301,138440008508933
302,138440028343128
303,138440048340608
304,138440068215036
305,138440088401667
306,138440107909949
307,138440127884025
308,138440148283529
309,138440168300851
310,138440188180644
311,138440208236796
312,138440227989573
313,138440248154450
314,138440268052235
315,138440288413048
316,138440308386114
317,138440328313391
318,138440348495732
319,138440368170649
320,138440388066038
321,138440408460644
322,138440432366035
323,138440452436292
324,138440471887646
325,138440492092084
326,138440511892113
327,138440532196526
328,138440551862286
329,138440571914572
330,138440592060208
331,138440612051245
332,138440631981718
333,138440652031652
334,138440671938656
335,138440691986475
336,138440712162563
337,138440732178285
338,138440751907946
339,138440771993945
340,138440791882258
341,138440811987084
342,138440831979219
343,138440852043733
344,138440872055195
345,138440892225797
346,138440912319519
347,138440936266795
348,138440956716105
349,138440976206700
350,138440997258562
351,138441020690775
352,138441040606386
353,138441060614491
354,138441080482387
355,138441096432622
356,138441115719057
357,138441135682062
358,138441155642794
359,138441175897518
360,138441196143455
361,138441215835752
362,138441235757976
363,138441256088925
364,138441276190864
365,138441295751997
366,138441315857426
367,138441335632686
368,138441356171826
369,138441375875994
370,138441395973781
371,138441416206546
372,138441440193222
373,138441460895535
374,138441482932366
375,138441499743145
376,138441519636803
377,138441539615590
378,138441560155708
379,138441579869932
380,138441599836458
381,138441620181895
382,138441639982801
383,138441660046637
384,138441679834682
385,138441699654037
386,138441719850572
387,138441739921402
388,138441759956042
389,138441779871012
390,138441799843839
391,138441819822981
392,138441839606799
393,138441859805855
394,138441879607966
395,138441899848998
396,138441920207118
397,138441945062678
398,138441964642862
399,138441983919081
400,138442003849046
401,138442023893751
402,138442043783503
403,138442063818011
404,138442083608607
405,138442103572666
406,138442124190449
407,138442144249356
408,138442164365773
409,138442184124604
410,138442204510265
411,138442223632731
412,138442243619475
413,138442264148515
414,138442284259938
415,138442303950374
416,138442324107316
417,138442343836207
418,138442364170293
419,138442383689608
420,138442403628603
421,138442424101962
422,138442448422498
423,138442468555190
424,138442488235524
425,138442507934922
426,138442528102514
427,138442548323940
428,138442568312024
429,138442587707181
430,138442607723071
431,138442627821924
432,138442647903940
433,138442667814768
434,138442687896291
435,138442708203698
436,138442727922704
437,138442747990985
438,138442767923676
439,138442787867895
440,138442807903714
441,138442827920575
442,138442848237758
443,138442868285106
444,138442888299940
445,138442908298535
446,138442928330322
447,138442953106151
448,138442972261483
449,138442991689136
450,138443011660271
451,138443032035631
452,138443052020470
453,138443072201995
454,138443092199223
455,138443112107165
456,138443131984937
457,138443151646936
458,138443171853769
459,138443191588374
460,138443212952314
461,138443231900132
462,138443252432757
463,138443272016582
464,138443291826221
465,138443311664966
466,138443331904412
467,138443352076416
468,138443372205772
469,138443392025231
470,138443412157838
471,138443431824365
472,138443456357844
473,138443475693679
474,138443495905257
475,138443516045286
476,138443535941109
477,138443556205369
478,138443576186958
479,138443596033273
480,138443616283948
481,138443636118627
482,138443656135494
483,138443676249788
484,138443696326278
485,138443717049880
486,138443735774841
487,138443755861822
488,138443778664738
489,138443813743687
490,138443831496852
491,138443853219944
492,138443874641211
493,138443896276448
494,138443910095674
495,138443932045346
496,138443953897550
497,138443967680822
498,138443984411347
499,138444005019646
500,138444024470876
501,138444044261059
502,138444064394974
503,138444084265427
504,138444104281169
505,138444124435205
506,138444144606008
507,138444164431636
508,138444190094513
509,138444212665621
510,138444226805883
511,138444244463526
512,138444259979408
513,138444279875578
514,138444299924203
515,138444319898992
516,138444339867180
517,138444359821122
518,138444379881063
519,138444399860291
520,138444420032039
521,138444439786887
522,138444464158754
523,138444484171865
524,138444503899627
525,138444523919251
526,138444544187279
527,138444564224151
528,138444584144644
529,138444603951513
530,138444624027370
531,138444643682172
532,138444663963632
533,138444683802945
534,138444703845562
535,138444723776296
536,138444743679984
537,138444763933343
538,138444784020111
539,138444803615695
540,138444823800724
541,138444843595568
542,138444864171429
543,138444884183294
544,138444904220032
545,138444923680649
546,138444944495755
547,138444969852977
548,138444987783952
549,138445007846909
550,138445027859492
551,138445047563145
552,138445067983721
553,138445087870083
554,138445108249957
555,138445128106464
556,138445148439478
557,138445168353707
558,138445188383986
559,138445208233138
560,138445227993163
561,138445247667371
562,138445267597187
563,138445287559411
564,138445308161664
565,138445328035707
566,138445347988415
567,138445368153783
568,138445388270773
569,138445408261614
570,138445428342243
571,138445448275886
572,138445473417507
573,138445492035324
574,138445511967175
575,138445531789211
576,138445552394156
577,138445572211822
578,138445592157992
579,138445612157983
580,138445632105526
581,138445651967069
582,138445671872920
583,138445691833962
584,138445711658499
585,138445731894832
586,138445751831193
587,138445771573103
588,138445791897311
589,138445811593937
590,138445831884179
591,138445851737924
592,138445871927995
593,138445891633826
594,138445911669522
595,138445931813880
596,138445952675686
597,138445978002533
598,138445996062815
599,138446015773295
600,138446035848766
601,138446055836041
602,138446076280771
603,138446095898179
604,138446115890592
605,138446135761507
606,138446155872177
607,138446176128021
608,138446195927712
609,138446215753413
610,138446237676348
611,138446256546091
612,138446276147837
613,138446295812482
614,138446315925314
615,138446336165624
616,138446356386610
617,138446376255183
618,138446396387282
619,138446415976340
620,138446436331911
621,138446455789172
622,138446480262902
623,138446500052561
624,138446519864933
625,138446539839384
626,138446560066008
627,138446580279928
628,138446600039472
629,138446620198835
630,138446640585193
631,138446660250873
632,138446680451016
633,138446700112134
634,138446719841389
635,138446740222905
636,138446759960115
637,138446780067216
638,138446799896081
639,138446819788294
640,138446839932601
641,138446859791155
642,138446880054652
643,138446899786183
644,138446919926362
645,138446939910751
646,138446959881738
647,138446984365422
648,138447004342222
649,138447023830893
650,138447043942456
651,138447063914243
652,138447083655065
653,138447103753004
654,138447123661295
655,138447143964596
656,138447164139367
657,138447183979131
658,138447204184462
659,138447225116716
660,138447244146797
661,138447263937050
662,138447284210386
663,138447304071513
664,138447324305372
665,138447344289467
666,138447364220623
667,138447384360997
668,138447403909631
669,138447423796850
670,138447444050634
671,138447464140452
672,138447487760088
673,138447508098372
674,138447528426658
675,138447548257830
676,138447568596375
677,138447587627332
678,138447607630342
679,138447627911877
680,138447648173596
681,138447667804183
682,138447688094363
683,138447707828635
684,138447729189711
685,138447747993249
686,138447767720665
687,138447787682937
688,138447808307670
689,138447828150167
690,138447848238902
691,138447867796612
692,138447888071766
693,138447908066122
694,138447928096288
695,138447948677213
696,138447967895771
697,138447991883582
698,138448016631493
699,138448032112465
700,138448051892834
701,138448072088036
702,138448091878104
703,138448111823173
704,138448131946154
705,138448151810915
706,138448172089933
707,138448191770012
708,138448212093352
709,138448233599481
710,138448251998207
711,138448271882546
712,138448291784842
713,138448311848999
714,138448331943417
715,138448351683177
716,138448372120161
717,138448392250008
718,138448412389660
719,138448432283863
720,138448452055053
721,138448472493696
722,138448495998318
723,138448515909199
724,138448536284287
725,138448556223612
726,138448576399291
727,138448596161353
728,138448616342352
729,138448636048218
730,138448655948855
731,138448675878980
732,138448695897536
733,138448715895817
734,138448736488026
735,138448755837448
736,138448776365039
737,138448796262443
738,138448816469586
739,138448835993122
740,138448856075250
741,138448875886710
742,138448896108073
743,138448915727839
744,138448936140473
745,138448955837051
746,138448975937968
747,138449000270557
748,138449020149327
749,138449040058331
750,138449060087044
751,138449079912635
752,138449100039229
753,138449119901913
754,138449140074852
755,138449160045060
756,138449179937802
757,138449199936904
758,138449220101556
759,138449240608481
760,138449260659597
761,138449280063171
762,138449299929686
763,138449319967721
764,138449339944187
765,138449360269743
766,138449379817362
767,138449399756299
768,138449419752687
769,138449439709656
770,138449460018470
771,138449480536279
772,138449504083707
773,138449523935960
774,138449543882329
775,138449563914159
776,138449583797127
777,138449603826994
778,138449623619934
779,138449643981937
780,138449664187510
781,138449684142667
782,138449704169640
783,138449724365643
784,138449744059389
785,138449763903601
786,138449784259902
787,138449804331077
788,138449824466686
789,138449844468200
790,138449864461775
791,138449884337244
792,138449904309181
793,138449924053924
794,138449944343119
795,138449963939218
796,138449985429354
797,138450008333794
798,138450027949354
799,138450047965680
800,138450068164901
801,138450087969674
802,138450108157893
803,138450128351737
804,138450148365832
805,138450168135565
806,138450187893040
807,138450207928751
808,138450228106281
809,138450248172252
810,138450268131180
811,138450287937721
812,138450308390362
813,138450328495657
814,138450348490480
815,138450368171104
816,138450388378882
817,138450408374070
818,138450428711736
819,138450448641291
820,138450468382630
821,138450489482176
822,138450512169481
823,138450532162692
824,138450552339464
825,138450571878715
826,138450591884542
827,138450611979457
828,138450632149214
829,138450652103435
830,138450671914795
831,138450692107534
832,138450712172107
833,138450731947585
834,138450752309783
835,138450772183726
836,138450791928741
837,138450811890503
838,138450832274930
839,138450852184222
840,138450871986533
841,138450891915986
842,138450911942666
843,138450931923642
844,138450952642867
845,138450971959034
846,138450992272793
847,138451016231031
848,138451036376745
849,138451056211607
850,138451076483477
851,138451096047452
852,138451116092974
853,138451135981416
854,138451155992175
855,138451175961130
856,138451195949254
857,138451216078913
858,138451236442214
859,138451256367640
860,138451276098959
861,138451296078168
862,138451316380929
863,138451336406806
864,138451356474478
865,138451376362950
866,138451396148633
867,138451416398625
868,138451436451083
869,138451456558747
870,138451476516906
871,138451496867675
872,138451524165494
873,138451539971396
874,138451560188843
875,138451579936358
876,138451600036147
877,138451620194358
878,138451639943984
879,138451659831728
880,138451679996263
881,138451699918318
882,138451719984741
883,138451740327587
884,138451760315278
885,138451780051925
886,138451800034308
887,138451820071726
888,138451839990887
889,138451859977006
890,138451879977290
891,138451899938729
892,138451919989258
893,138451939904726
894,138451960030233
895,138451979901473
896,138452000337796
897,138452024298073
898,138452043957504
899,138452063858467
900,138452084174210
901,138452104027895
902,138452124130417
903,138452144083301
904,138452163933909
905,138452184247935
906,138452204040302
907,138452224132317
908,138452244453831
909,138452264803110
910,138452284135570
911,138452304057993
912,138452323950322
913,138452343890554
914,138452363816383
915,138452383931253
916,138452403906785
917,138452424072246
918,138452443950520
919,138452463847730
920,138452483905376
921,138452503886787
922,138452528107779
923,138452547881205
924,138452568049479
925,138452587883889
926,138452608162745
927,138452627718438
928,138452647999009
929,138452667930140
930,138452688124706
931,138452708106333
932,138452728021744
933,138452748441685
934,138452768120576
935,138452788086200
936,138452807991242
937,138452827962990
938,138452847959539
939,138452867957149
940,138452888200522
941,138452908049323
942,138452927924356
943,138452948789594
944,138452967922282
945,138452988317173
946,138453008849458
947,138453031769962
948,138453052048491
949,138453071726187
950,138453091941899
951,138453112072030
952,138453131715581
953,138453151690607
954,138453172296986
955,138453192125947
956,138453212421439
957,138453232172366
958,138453253147650
959,138453272581755
960,138453292258247
961,138453312249218
962,138453332525332
963,138453352163468
964,138453372085461
965,138453392183805
966,138453412092401
967,138453432360058
968,138453452228825
969,138453472175049
970,138453492449026
971,138453512114663
972,138453536179134
973,138453556098586
974,138453576024856
975,138453595916682
976,138453615980682
977,138453635882725
978,138453655934051
979,138453675896958
980,138453695879182
981,138453715920271
982,138453735977449
983,138453756293884
984,138453776405934
985,138453796090199
986,138453816108520
987,138453835886795
988,138453856111035
989,138453875916112
990,138453895924531
991,138453916045900
992,138453935985453
993,138453956729672
994,138453975928129
995,138453996175047
996,138454015889067
997,138454040138010
998,138454060099065
999,138454079657903
1000,138454099733134
1001,138454119775688
1002,138454139741320
1003,138454159732506
1004,138454179851702
1005,138454199667360
1006,138454219984867
1007,138454240153848
1008,138454259762931
1009,138454279997871
1010,138454300354348
1011,138454320373895
1012,138454340090491
1013,138454360146295
1014,138454380392423
1015,138454400243623
1016,138454420292197
1017,138454440350427
1018,138454460090191
1019,138454480172285
1020,138454501529493
1021,138454520572437
1022,138454543939627
1023,138454564134684
1024,138454583968744
1025,138454603910645
1026,138454624336389
1027,138454643896742
1028,138454664111265
1029,138454683862061
1030,138454703958016
1031,138454723981109
1032,138454744022370
1033,138454763735316
1034,138454784121464
1035,138454804252771
1036,138454824515815
1037,138454844326677
1038,138454864471263
1039,138454884289184
1040,138454904410618
1041,138454924233036
1042,138454944635233
1043,138454963859242
1044,138454984084657
1045,138455005623456
1046,138455024607870
1047,138455048042160
1048,138455067901350
1049,138455087934500
1050,138455107982227
1051,138455127891974
1052,138455147927476
1053,138455167917967
1054,138455187996100
1055,138455207858899
1056,138455228322656
1057,138455247916332
1058,138455268363021
1059,138455288374193
1060,138455307909741
1061,138455327942190
1062,138455348105284
1063,138455367883603
1064,138455387945283
1065,138455407919573
1066,138455428104105
1067,138455447999348
1068,138455467989823
1069,138455487922901
1070,138455508515107
1071,138455527971886
1072,138455552063540
1073,138455571955177
1074,138455591999288
1075,138455612160979
1076,138455632181561
1077,138455652042592
1078,138455671938357
1079,138455691903462
1080,138455711945425
1081,138455731763614
1082,138455752299346
1083,138455772326379
1084,138455792165915
1085,138455811872352
1086,138455832114024
1087,138455851936483
1088,138455871967663
1089,138455891859495
1090,138455911904913
1091,138455932107497
1092,138455952423307
1093,138455971922007
1094,138455992348460
1095,138456012725971
1096,138456032945591
1097,138456055987984
1098,138456076126082
1099,138456095836263
1100,138456115921300
1101,138456135852586
1102,138456155945989
1103,138456176151337
1104,138456195960991
1105,138456215862500
1106,138456235867157
1107,138456256554796
1108,138456276400107
1109,138456296105880
1110,138456315950434
1111,138456335857969
1112,138456355884467
1113,138456376304579
1114,138456395955629
1115,138456415910036
1116,138456435776272
1117,138456455902489
1118,138456476024389
1119,138456495879747
1120,138456515930182
1121,138456538278640
1122,138456559946024
1123,138456579869953
1124,138456599969404
1125,138456620050728
1126,138456640097872
1127,138456660267669
1128,138456680415858
1129,138456700509297
1130,138456720592830
1131,138456740516382
1132,138456760527009
1133,138456780873208
1134,138456800057236
1135,138456819989965
1136,138456840164453
1137,138456859927063
1138,138456880148753
1139,138456899905366
1140,138456919900842
1141,138456939922979
1142,138456959906751
1143,138456979974268
1144,138457000090550
1145,138457020347321
1146,138457040147872
1147,138457064494786
1148,138457084283039
1149,138457104240318
1150,138457124289341
1151,138457144274760
1152,138457164397702
1153,138457184401039
1154,138457204389752
1155,138457224267675
1156,138457244427586
1157,138457264599153
1158,138457284098626
1159,138457303920100
1160,138457323897382
1161,138457343880358
1162,138457363961108
1163,138457383893290
1164,138457404265211
1165,138457424098593
1166,138457444484366
1167,138457464198859
1168,138457484129880
1169,138457503926737
1170,138457524605218
1171,138457544159890
1172,138457567990571
1173,138457587948945
1174,138457608319000
1175,138457628144435
1176,138457648422536
1177,138457668103671
1178,138457688134863
1179,138457708239766
1180,138457728101938
1181,138457748142710
1182,138457768169952
1183,138457788177258
1184,138457808285817
1185,138457827946765
1186,138457848154853
1187,138457867816024
1188,138457887959118
1189,138457907973711
1190,138457927912800
1191,138457948467277
1192,138457967921291
1193,138457988112582
1194,138458008404474
1195,138458028154910
1196,138458048071652
1197,138458072045944
1198,138458091971647
1199,138458112043436
1200,138458131944815
1201,138458151938986
1202,138458171940216
1203,138458191944465
1204,138458212058489
1205,138458232130008
1206,138458251948415
1207,138458271767262
1208,138458292146582
1209,138458312189979
1210,138458332018544
1211,138458351873209
1212,138458371887923
1213,138458391914961
1214,138458411926762
1215,138458431997716
1216,138458451921176
1217,138458471923344
1218,138458491949531
1219,138458512304863
1220,138458532309221
1221,138458552440099
1222,138458576667933
1223,138458595974360
1224,138458616381565
1225,138458636019528
1226,138458655847074
1227,138458676164170
1228,138458696153162
1229,138458715938746
1230,138458735921829
1231,138458756217400
1232,138458776214656
1233,138458796248107
1234,138458816476858
1235,138458836437530
1236,138458856578018
1237,138458876041643
1238,138458896053669
1239,138458915999960
1240,138458936152181
1241,138458956069413
1242,138458976073938
1243,138458996065059
1244,138459016820108
1245,138459037120607
1246,138459056055708
1247,138459080146281
1248,138459099953105
1249,138459120110946
1250,138459139872055
1251,138459160179503
1252,138459180386266
1253,138459200564176
1254,138459220406653
1255,138459240476918
1256,138459260247065
1257,138459280482042
1258,138459300286578
1259,138459320598937
1260,138459340464926
1261,138459360718088
1262,138459380398146
1263,138459400479286
1264,138459420398509
1265,138459440731562
1266,138459460425737
1267,138459480592404
1268,138459500306430
1269,138459521506794
1270,138459540422248
1271,138459560658090
1272,138459584380760
1273,138459604487602
1274,138459624381401
1275,138459644520327
1276,138459664119943
1277,138459684313896
1278,138459707628742
1279,138459724175885
1280,138459743722313
1281,138459765399524
1282,138459784756563
1283,138459804206290
1284,138459824113094
1285,138459846779059
1286,138459863973497
1287,138459884146315
1288,138459903995924
1289,138459924131111
1290,138459944319661
1291,138459964463573
1292,138459984042877
1293,138460004192792
1294,138460025323386
1295,138460044319482
1296,138460064066867
1297,138460088589817
1298,138460108251962
1299,138460128479122
1300,138460148190014
1301,138460168572068
1302,138460188182799
1303,138460208314696
1304,138460228124491
1305,138460248472161
1306,138460268916621
1307,138460288165470
1308,138460308125482
1309,138460328177491
1310,138460347996065
1311,138460368284844
1312,138460387995878
1313,138460408288990
1314,138460427973615
1315,138460448205503
1316,138460468050577
1317,138460488169364
1318,138460508050178
1319,138460528815327
1320,138460548403885
1321,138460568459574
1322,138460592380265
1323,138460612555706
1324,138460632431864
1325,138460652635840
1326,138460672423689
1327,138460692458951
1328,138460711996463
1329,138460732173114
1330,138460751962131
1331,138460773725156
1332,138460792127223
1333,138460812252884
1334,138460832117020
1335,138460852282894
1336,138460872249267
1337,138460892175940
1338,138460911974598
1339,138460932167444
1340,138460952725228
1341,138460972279617
1342,138460992040980
1343,138461012426501
1344,138461031995756
1345,138461052154848
1346,138461072077930
1347,138461096455122
1348,138461116440890
1349,138461135934963
1350,138461155734381
1351,138461176373368
1352,138461196178258
1353,138461216377969
1354,138461236105310
1355,138461256176019
1356,138461277416803
1357,138461296195033
1358,138461316113232
1359,138461336148810
1360,138461355769203
1361,138461376519605
1362,138461396364163
1363,138461416472312
1364,138461436082579
1365,138461456188963
1366,138461476204035
1367,138461496348882
1368,138461516202183
1369,138461537308928
1370,138461555956947
1371,138461576021242
1372,138461599780311
1373,138461619808943
1374,138461639761151
1375,138461659992800
1376,138461679956051
1377,138461700019746
1378,138461720425183
1379,138461740358632
1380,138461759916388
1381,138461780761421
1382,138461800053578
1383,138461820668725
1384,138461840366632
1385,138461860622219
1386,138461880412238
1387,138461900478700
1388,138461920532084
1389,138461940166845
1390,138461960055067
1391,138461980173726
1392,138462000170807
1393,138462024742660
1394,138462044850783
1395,138462064810781
1396,138462084608476
1397,138462104038437
1398,138462123738935
1399,138462143946642
1400,138462163733807
1401,138462184261674
1402,138462204064283
1403,138462224348306
1404,138462244030059
1405,138462263788442
1406,138462283773404
1407,138462303843094
1408,138462324571090
1409,138462344222379
1410,138462364142564
1411,138462384130015
1412,138462404391798
1413,138462424287219
1414,138462444265830
1415,138462464357470
1416,138462484474360
1417,138462504268145
1418,138462524566570
1419,138462543951419
1420,138462564054103
1421,138462583867592
1422,138462607956378
1423,138462627838473
1424,138462647797982
1425,138462667873661
1426,138462687946463
1427,138462707845913
1428,138462727954117
1429,138462747916012
1430,138462767979394
1431,138462788862067
1432,138462807870618
1433,138462827789699
1434,138462847906147
1435,138462867897114
1436,138462887901821
1437,138462907843722
1438,138462927946593
1439,138462948750857
1440,138462967885648
1441,138462987705099
1442,138463007754826
1443,138463027971891
1444,138463048102614
1445,138463067881943
1446,138463088686855
1447,138463111916871
1448,138463131923640
1449,138463151883517
1450,138463171890170
1451,138463191905573
1452,138463211888510
1453,138463232041658
1454,138463252241982
1455,138463271925747
1456,138463291920292
1457,138463311989367
1458,138463331941103
1459,138463351861651
1460,138463372054500
1461,138463391889810
1462,138463411916790
1463,138463431881305
1464,138463451924929
1465,138463471869182
1466,138463491912663
1467,138463511854390
1468,138463532064127
1469,138463552405893
1470,138463572025743
1471,138463592095567
1472,138463616263004
1473,138463636090818
1474,138463656080089
1475,138463676042133
1476,138463696046718
1477,138463715996150
1478,138463736023116
1479,138463755998144
1480,138463776062556
1481,138463796151196
1482,138463816305548
1483,138463836119093
1484,138463856613063
1485,138463876284423
1486,138463896452738
1487,138463916060741
1488,138463936385543
1489,138463955883705
1490,138463976091343
1491,138463995960461
1492,138464016495015
1493,138464037158235
1494,138464055974554
1495,138464075924620
1496,138464096287302
1497,138464120456642
1498,138464140490570
1499,138464160132600
1500,138464180343158
1501,138464200086298
1502,138464220303216
1503,138464240525869
1504,138464260512769
1505,138464280649353
1506,138464300072584
1507,138464320056545
1508,138464340280994
1509,138464360072172
1510,138464380173294
1511,138464400342415
1512,138464420061438
1513,138464440056089
1514,138464460473032
1515,138464480052612
1516,138464500022480
1517,138464519933062
1518,138464540704523
1519,138464560056505
1520,138464580084920
1521,138464599911686
1522,138464623902990
1523,138464643946949
1524,138464664075756
1525,138464683962347
1526,138464704027347
1527,138464723988899
1528,138464744030983
1529,138464763986169
1530,138464784654278
1531,138464804054585
1532,138464824077677
1533,138464843978988
1534,138464864229976
1535,138464884033713
1536,138464904359943
1537,138464923947158
1538,138464944466937
1539,138464963859143
1540,138464983897394
1541,138465004271190
1542,138465024232361
1543,138465044730807
1544,138465064218857
1545,138465084136872
1546,138465104029666
1547,138465127931232
1548,138465147981668
1549,138465167920460
1550,138465188070051
1551,138465207997588
1552,138465228029920
1553,138465247952887
1554,138465268463627
1555,138465288739672
1556,138465308019586
1557,138465327962711
1558,138465348030626
1559,138465367959898
1560,138465388118378
1561,138465408063693
1562,138465428037683
1563,138465447995709
1564,138465468047923
1565,138465487989196
1566,138465508028690
1567,138465528027441
1568,138465547835680
1569,138465567936494
1570,138465587999229
1571,138465607841121
1572,138465631875504
1573,138465652046275
1574,138465672109254
1575,138465691918775
1576,138465711994399
1577,138465731772494
1578,138465752028142
1579,138465772124543
1580,138465793256403
1581,138465811930515
1582,138465832057141
1583,138465852071281
1584,138465871980174
1585,138465891953577
1586,138465911976718
1587,138465931864590
1588,138465953983444
1589,138465972124233
1590,138465992460583
1591,138466011991250
1592,138466032355824
1593,138466052360987
1594,138466071984952
1595,138466091995066
1596,138466112054167
1597,138466136129399
1598,138466156096830
1599,138466175946491
1600,138466196107041
1601,138466215930299
1602,138466235967523
1603,138466256295670
1604,138466276031542
1605,138466296260299
1606,138466316089014
1607,138466336180176
1608,138466356132018
1609,138466375884465
1610,138466395949400
1611,138466415748431
1612,138466436136729
1613,138466455840880
1614,138466475934405
1615,138466495868572
1616,138466516024848
1617,138466535866079
1618,138466556551774
1619,138466578996774
1620,138466601850992
1621,138466619426491
1622,138466642178829
1623,138466663282866
1624,138466680168829
1625,138466699839980
1626,138466720058914
1627,138466739966311
1628,138466760186612
1629,138466779872111
1630,138466799905103
1631,138466819949731
1632,138466839842940
1633,138466859750295
1634,138466880050334
1635,138466899922855
1636,138466919881596
1637,138466940044502
1638,138466959787767
1639,138466979999781
1640,138467000634347
1641,138467020178543
1642,138467040370597
1643,138467060106332
1644,138467080097916
1645,138467100148501
1646,138467120406751
1647,138467144421616
1648,138467164466910
1649,138467183985445
1650,138467203972928
1651,138467223831122
1652,138467243983032
1653,138467264148817
1654,138467284346707
1655,138467304789712
1656,138467324303569
1657,138467344062255
1658,138467364472454
1659,138467384441975
1660,138467404588142
1661,138467424412047
1662,138467444581276
1663,138467464506377
1664,138467484734552
1665,138467504497210
1666,138467524469158
1667,138467544874789
1668,138467564162297
1669,138467584498788
1670,138467604507923
1671,138467624760077
1672,138467648630019
1673,138467668388923
1674,138467688223855
1675,138467708193253
1676,138467728461379
1677,138467748382859
1678,138467768539806
1679,138467788433291
1680,138467808208612
1681,138467828445851
1682,138467848600202
1683,138467868461137
1684,138467888472307
1685,138467908265207
1686,138467928493569
1687,138467948819396
1688,138467968478037
1689,138467988081554
1690,138468010184276
1691,138468027965391
1692,138468050781593
1693,138468067992413
1694,138468088182922
1695,138468107989959
1696,138468128116323
1697,138468152035922
1698,138468171999655
1699,138468191930938
1700,138468212031495
1701,138468231917058
1702,138468252370779
1703,138468271999432
1704,138468292021407
1705,138468312344368
1706,138468332117979
1707,138468352113755
1708,138468372073757
1709,138468392196571
1710,138468412469898
1711,138468431965262
1712,138468451856347
1713,138468471921902
1714,138468491977661
1715,138468511712528
1716,138468532040290
1717,138468552249110
1718,138468572099542
1719,138468591966673
1720,138468612120424
1721,138468632097945
1722,138468656863848
1723,138468676238569
1724,138468696441342
1725,138468716246321
1726,138468735889329
1727,138468755942666
1728,138468775821017
1729,138468795977160
1730,138468815991929
1731,138468835820008
1732,138468856181406
1733,138468875770651
1734,138468896191939
1735,138468916113366
1736,138468936188296
1737,138468955952086
1738,138468976079866
1739,138468995942061
1740,138469016453420
1741,138469036175100
1742,138469057590990
1743,138469076377457
1744,138469096112281
1745,138469115918284
1746,138469136313099
1747,138469160145168
1748,138469180072104
1749,138469199930424
1750,138469219953186
1751,138469239905226
1752,138469260428574
1753,138469279973053
1754,138469300953537
1755,138469320046967
1756,138469340134577
1757,138469360681482
1758,138469380883865
1759,138469399839986
1760,138469419915376
1761,138469439862856
1762,138469459815946
1763,138469479758490
1764,138469499830911
1765,138469519903341
1766,138469539785051
1767,138469560878976
1768,138469580162924
1769,138469600289180
1770,138469620157706
1771,138469639999170
1772,138469664381831
1773,138469684098874
1774,138469704099957
1775,138469723993170
1776,138469744108731
1777,138469764126714
1778,138469784341841
1779,138469804379538
1780,138469823986093
1781,138469844102551
1782,138469864447175
1783,138469884048001
1784,138469904093171
1785,138469924081105
1786,138469944381996
1787,138469964088599
1788,138469984028578
1789,138470003904190
1790,138470024247817
1791,138470044167338
1792,138470064112943
1793,138470084063263
1794,138470104419457
1795,138470124270342
1796,138470144457157
1797,138470168832431
1798,138470188126136
1799,138470208020429
1800,138470228024455
1801,138470247947219
1802,138470268187193
1803,138470287846883
1804,138470308573620
1805,138470328302695
1806,138470348041907
1807,138470367933723
1808,138470388109794
1809,138470408137746
1810,138470428342407
1811,138470448154569
1812,138470468411610
1813,138470488156377
1814,138470508381040
1815,138470528299301
1816,138470548459850
1817,138470568071913
1818,138470587893546
1819,138470608164781
1820,138470628315579
1821,138470648290508
1822,138470672716205
1823,138470692385808
1824,138470712476726
1825,138470732019900
1826,138470752104142
1827,138470772140671
1828,138470792169110
1829,138470812285732
1830,138470832438981
1831,138470851923229
1832,138470872141072
1833,138470891893705
1834,138470912047719
1835,138470931886725
1836,138470952443185
1837,138470971884887
1838,138470991952158
1839,138471011902742
1840,138471031978042
1841,138471052531772
1842,138471072438820
1843,138471092095930
1844,138471112082632
1845,138471132070763
1846,138471151998089
1847,138471175955942
1848,138471196035866
1849,138471215953553
1850,138471235942066
1851,138471255930368
1852,138471276065583
1853,138471295856755
1854,138471316134439
1855,138471335993451
1856,138471356044766
1857,138471375953301
1858,138471395966407
1859,138471415907816
1860,138471435952256
1861,138471456028287
1862,138471475988654
1863,138471496377330
1864,138471515969408
1865,138471535892968
1866,138471556348021
1867,138471576417202
1868,138471596106431
1869,138471615865963
1870,138471636100113
1871,138471655924452
1872,138471680141436
1873,138471700429453
1874,138471720192917
1875,138471739953916
1876,138471760019745
1877,138471779941556
1878,138471800153220
1879,138471820100712
1880,138471839987227
1881,138471860079680
1882,138471880348487
1883,138471899825261
1884,138471919828769
1885,138471939879465
1886,138471960234926
1887,138471980039940
1888,138472000212428
1889,138472019944335
1890,138472039896298
1891,138472062052406
1892,138472079847702
1893,138472099844698
1894,138472120040112
1895,138472139776966
1896,138472160057254
1897,138472184405751
1898,138472204194272
1899,138472224258740
1900,138472244525583
1901,138472264159879
1902,138472284215123
1903,138472303985969
1904,138472324204186
1905,138472344166177
1906,138472364376880
1907,138472384320751
1908,138472404294847
1909,138472424304809
1910,138472444411278
1911,138472464191698
1912,138472484565695
1913,138472504329341
1914,138472524416666
1915,138472543831599
1916,138472565636797
1917,138472583960025
1918,138472603865670
1919,138472623753093
1920,138472643796980
1921,138472663836707
1922,138472688290592
1923,138472708338870
1924,138472728487874
1925,138472748268722
1926,138472768385107
1927,138472788473620
1928,138472808568718
1929,138472827871174
1930,138472848497452
1931,138472868455338
1932,138472888435692
1933,138472908187633
1934,138472928235317
1935,138472948502711
1936,138472967966049
1937,138472988235383
1938,138473008064768
1939,138473027774158
1940,138473047797874
1941,138473069055868
1942,138473088242715
1943,138473108041840
1944,138473128133585
1945,138473147993934
1946,138473168052761
1947,138473192102816
1948,138473212024498
1949,138473232225748
1950,138473252123103
1951,138473271953425
1952,138473292050390
1953,138473313142951
1954,138473332618322
1955,138473352142662
1956,138473372280350
1957,138473392374024
1958,138473412071461
1959,138473432230508
1960,138473452094105
1961,138473472064852
1962,138473491969310
1963,138473511948446
1964,138473532316063
1965,138473552047657
1966,138473572771547
1967,138473592140174
1968,138473612442391
1969,138473632455249
1970,138473652081500
1971,138473672055452
1972,138473696184063
1973,138473715955541
1974,138473736229810
1975,138473755924308
1976,138473776038953
1977,138473796071732
1978,138473816786506
1979,138473836500409
1980,138473856417478
1981,138473876175938
1982,138473896024789
1983,138473915917195
1984,138473936190041
1985,138473955918305
1986,138473976193306
1987,138473996170934
1988,138474015989429
1989,138474036509184
1990,138474056292345
1991,138474076400007
1992,138474096248662
1993,138474116079736
1994,138474136374852
1995,138474155906328
1996,138474176117854
1997,138474200483029
1998,138474220430452
1999,138474240356467
2000,138474260233951
2001,138474280599935
2002,138474300736958
2003,138474322350940
2004,138474340434536
2005,138474360153362
2006,138474380093755
2007,138474399952312
2008,138474420098031
2009,138474439750615
2010,138474459794387
2011,138474480282318
2012,138474500471983
2013,138474520483778
2014,138474540359889
2015,138474560024103
2016,138474579986924
2017,138474600465345
2018,138474620599602
2019,138474640319032
2020,138474659954602
2021,138474680254713
2022,138474704841067
2023,138474724174633
2024,138474744302099
2025,138474764270988
2026,138474784234573
2027,138474804177964
2028,138474824519446
2029,138474844190084
2030,138474864592012
2031,138474884319127
2032,138474904478371
2033,138474923814984
2034,138474944109078
2035,138474963949864
2036,138474983994470
2037,138475004507578
2038,138475024077593
2039,138475044175702
2040,138475064514605
2041,138475084634558
2042,138475104160335
2043,138475123997302
2044,138475144264734
2045,138475164083067
2046,138475183978429
2047,138475208107819
2048,138475227971920
2049,138475248207007
2050,138475268254965
2051,138475287966413
2052,138475308038129
2053,138475329006025
2054,138475348503667
2055,138475368123389
2056,138475388161072
2057,138475407811331
2058,138475427858875
2059,138475447817517
2060,138475467829009
2061,138475487872144
2062,138475507985600
2063,138475527797988
2064,138475548243770
2065,138475569825726
2066,138475588518487
2067,138475607961689
2068,138475627908862
2069,138475647770942
2070,138475667884500
2071,138475688173119
2072,138475712479007
2073,138475732023126
2074,138475751666247
2075,138475771760319
2076,138475792077278
2077,138475812044385
2078,138475832228950
2079,138475851889193
2080,138475871878071
2081,138475891752855
2082,138475912104975
2083,138475932359806
2084,138475952751749
2085,138475971913470
2086,138475992033639
2087,138476012143698
2088,138476032212799
2089,138476052233691
2090,138476073084245
2091,138476092031524
2092,138476111958348
2093,138476131965487
2094,138476151829496
2095,138476171931910
2096,138476192033147
2097,138476215954469
2098,138476236087559
2099,138476256184731
2100,138476276230196
2101,138476296472279
2102,138476316688296
2103,138476336447004
2104,138476356167353
2105,138476375943047
2106,138476396149729
2107,138476415818914
2108,138476435832082
2109,138476455638676
2110,138476476372229
2111,138476496229510
2112,138476516424415
2113,138476535808624
2114,138476556427875
2115,138476577040721
2116,138476599573549
2117,138476615899359
2118,138476635836405
2119,138476655815412
2120,138476676278373
2121,138476696239687
2122,138476720600579
2123,138476740336677
2124,138476760422062
2125,138476780044481
2126,138476799938364
2127,138476819979304
2128,138476840063266
2129,138476860046527
2130,138476879982490
2131,138476899969153
2132,138476920049193
2133,138476939972572
2134,138476960065073
2135,138476979904883
2136,138477000447951
2137,138477020064209
2138,138477040079976
2139,138477059886501
2140,138477082425891
2141,138477100207461
2142,138477120124663
2143,138477139973699
2144,138477159955494
2145,138477179981779
2146,138477200037577
2147,138477223929939
2148,138477243884336
2149,138477263971441
2150,138477284191346
2151,138477303908644
2152,138477324330982
2153,138477343883293
2154,138477364236714
2155,138477383977731
2156,138477404092367
2157,138477423977699
2158,138477444067156
2159,138477463965555
2160,138477483985137
2161,138477503977843
2162,138477524052447
2163,138477543958158
2164,138477564160672
2165,138477584182966
2166,138477603965493
2167,138477624044188
2168,138477643998755
2169,138477663988959
2170,138477684051549
2171,138477703966370
2172,138477728110470
2173,138477747897591
2174,138477768088385
2175,138477787980841
2176,138477808044621
2177,138477828510620
2178,138477848267726
2179,138477868100061
2180,138477887999700
2181,138477907903242
2182,138477927926124
2183,138477949257542
2184,138477968451438
2185,138477989013371
2186,138478008695394
2187,138478028089998
2188,138478048156197
2189,138478068058199
2190,138478089274023
2191,138478108421129
2192,138478128230991
2193,138478147967281
2194,138478168430230
2195,138478188219964
2196,138478208270163
2197,138478232522807
2198,138478252131254
2199,138478272465961
2200,138478292460949
2201,138478312232081
2202,138478333771992
2203,138478352316021
2204,138478372175561
2205,138478392027186
2206,138478412269307
2207,138478431989736
2208,138478452050477
2209,138478472107636
2210,138478492214393
2211,138478512234916
2212,138478532046294
2213,138478551985325
2214,138478574071962
2215,138478592229963
2216,138478612352246
2217,138478632460868
2218,138478652257446
2219,138478672667455
2220,138478692592119
2221,138478712197694
2222,138478736156358
2223,138478755990381
2224,138478776526336
2225,138478796535829
2226,138478816466711
2227,138478837788561
2228,138478856411671
2229,138478876341853
2230,138478896350732
2231,138478916549860
2232,138478936202331
2233,138478955958421
2234,138478976399691
2235,138478996540516
2236,138479016128363
2237,138479035797924
2238,138479056166829
2239,138479075933285
2240,138479096335918
2241,138479116159717
2242,138479136023378
2243,138479155966471
2244,138479176124327
2245,138479196055853
2246,138479216119927
2247,138479240078088
2248,138479259880363
2249,138479280209266
2250,138479299919238
2251,138479320271796
2252,138479341664114
2253,138479360030907
2254,138479379938415
2255,138479399785747
2256,138479420384198
2257,138479440257220
2258,138479460116022
2259,138479479848092
2260,138479500399335
2261,138479520484083
2262,138479540412394
2263,138479559852606
2264,138479579884704
2265,138479600165568
2266,138479620547676
2267,138479639711017
2268,138479660318728
2269,138479680142443
2270,138479700241175
2271,138479720366006
2272,138479744240822
2273,138479764625072
2274,138479784517998
2275,138479804432582
2276,138479824291335
2277,138479845672257
2278,138479864180507
2279,138479884212612
2280,138479904383232
2281,138479924339747
2282,138479944766083
2283,138479964044437
2284,138479984032717
2285,138480005196595
2286,138480024148117
2287,138480044044982
2288,138480063959112
2289,138480084750333
2290,138480104224921
2291,138480124198102
2292,138480143852801
2293,138480163840670
2294,138480184024325
2295,138480204085840
2296,138480224384712
2297,138480248276057
2298,138480268269546
2299,138480288404953
2300,138480308231354
2301,138480328227465
2302,138480348437110
2303,138480368109752
2304,138480388097628
2305,138480408190520
2306,138480428136098
2307,138480448123027
2308,138480468091061
2309,138480488146925
2310,138480508101381
2311,138480528081559
2312,138480548149998
2313,138480568151537
2314,138480588786280
2315,138480608410359
2316,138480628328795
2317,138480648155588
2318,138480668139404
2319,138480688417565
2320,138480708134752
2321,138480728290657
2322,138480752458416
2323,138480772420285
2324,138480792160557
2325,138480812156089
2326,138480832396718
2327,138480852673589
2328,138480872409391
2329,138480892242005
2330,138480912133302
2331,138480932264155
2332,138480952620762
2333,138480972092364
2334,138480992108481
2335,138481012058389
2336,138481031973369
2337,138481052058222
2338,138481071910701
2339,138481092319800
2340,138481112238901
2341,138481132165525
2342,138481152119928
2343,138481172083546
2344,138481192111510
2345,138481212150012
2346,138481231907362
2347,138481256085314
2348,138481276059141
2349,138481296197226
2350,138481316078365
2351,138481336076436
2352,138481356053181
2353,138481376116764
2354,138481396134771
2355,138481416162144
2356,138481436200293
2357,138481456083994
2358,138481476031797
2359,138481496060697
2360,138481516064911
2361,138481536090389
2362,138481556119577
2363,138481576361126
2364,138481596822092
2365,138481620901824
2366,138481636238400
2367,138481655973136
2368,138481675948536
2369,138481695937771
2370,138481715862060
2371,138481735877824
2372,138481759907277
2373,138481779872457
2374,138481799906018
2375,138481819904349
2376,138481839864293
2377,138481860144793
2378,138481880126597
2379,138481899857182
2380,138481919986929
2381,138481940181315
2382,138481959984319
2383,138481980030198
2384,138482000255441
2385,138482019871324
2386,138482039785936
2387,138482059904671
2388,138482080229777
2389,138482101233259
2390,138482120538698
2391,138482140747866
2392,138482160156375
2393,138482180229488
2394,138482200073604
2395,138482220044986
2396,138482240054391
2397,138482264026605
2398,138482284491438
2399,138482304116303
2400,138482324252672
2401,138482344971278
2402,138482364538522
2403,138482384454520
2404,138482404119844
2405,138482424219973
2406,138482444159005
2407,138482464264258
2408,138482484348414
2409,138482504167509
2410,138482524176857
2411,138482544166692
2412,138482564152417
2413,138482584399935
2414,138482604138050
2415,138482624123944
2416,138482644176328
2417,138482663939891
2418,138482684165563
2419,138482704073855
2420,138482724060893
2421,138482744117791
2422,138482768018962
2423,138482788103186
2424,138482808246951
2425,138482828134347
2426,138482848305464
2427,138482868029169
2428,138482888366219
2429,138482908034189
2430,138482928052859
2431,138482948725883
2432,138482968103548
2433,138482988094261
2434,138483008259724
2435,138483028031015
2436,138483048042750
2437,138483068091719
2438,138483088227491
2439,138483108146868
2440,138483128143801
2441,138483148070916
2442,138483167984805
2443,138483188062550
2444,138483208036823
2445,138483227980962
2446,138483248117791
2447,138483272036688
2448,138483292405164
2449,138483312125910
2450,138483332065348
2451,138483352286535
2452,138483372089865
2453,138483392139532
2454,138483412106300
2455,138483432108305
2456,138483452040312
2457,138483472044160
2458,138483491993439
2459,138483512078852
2460,138483532041556
2461,138483552051075
2462,138483572100267
2463,138483592039516
2464,138483612063503
2465,138483632121942
2466,138483652077726
2467,138483672055886
2468,138483691880517
2469,138483711820235
2470,138483731904215
2471,138483752125372
2472,138483776293013
2473,138483796102275
2474,138483815868891
2475,138483837107949
2476,138483857350163
2477,138483876437555
2478,138483896504937
2479,138483916602054
2480,138483936427157
2481,138483956237678
2482,138483976287401
2483,138483996276893
2484,138484016274260
2485,138484036177566
2486,138484056185573
2487,138484076127749
2488,138484096279600
2489,138484116243483
2490,138484136291971
2491,138484156162017
2492,138484176197294
2493,138484196268536
2494,138484216184841
2495,138484236188220
2496,138484256183261
2497,138484280285799
2498,138484300455631
2499,138484320174300
2500,138484340235842
2501,138484361625480
2502,138484380456242
2503,138484400257375
2504,138484420268241
2505,138484440262925
2506,138484460149361
2507,138484480073732
2508,138484500235859
2509,138484520534216
2510,138484540469849
2511,138484560418998
2512,138484580535604
2513,138484600352509
2514,138484620449531
2515,138484640453296
2516,138484660302452
2517,138484680202478
2518,138484700083842
2519,138484720123992
2520,138484740101898
2521,138484760146180
2522,138484784269669
2523,138484804190891
2524,138484824279174
2525,138484844396693
2526,138484864145977
2527,138484884242020
2528,138484904203328
2529,138484924096293
2530,138484944502266
2531,138484964068351
2532,138484984087697
2533,138485004148391
2534,138485024222660
2535,138485044069104
2536,138485064108711
2537,138485084097508
2538,138485104135877
2539,138485124224318
2540,138485144198819
2541,138485164076562
2542,138485184044716
2543,138485204127407
2544,138485224108569
2545,138485243942242
2546,138485264100988
2547,138485288103699
2548,138485308050476
2549,138485328067943
2550,138485348140315
2551,138485367982759
2552,138485388157754
2553,138485408150742
2554,138485428112017
2555,138485448064261
2556,138485468131734
2557,138485488081294
2558,138485508095368
2559,138485528409086
2560,138485548271534
2561,138485568341531
2562,138485588031242
2563,138485608221914
2564,138485628201926
2565,138485648153756
2566,138485668109179
2567,138485687977458
2568,138485708073211
2569,138485727958318
2570,138485748065607
2571,138485768125809
2572,138485792050547
2573,138485811951644
2574,138485832061861
2575,138485852040570
2576,138485871951974
2577,138485892097897
2578,138485912279908
2579,138485931824865
2580,138485952793446
2581,138485972136931
2582,138485992193202
2583,138486013668572
2584,138486032167766
2585,138486052296682
2586,138486072162173
2587,138486093607077
2588,138486113691588
2589,138486132054565
2590,138486152517322
2591,138486172208872
2592,138486192195934
2593,138486212080671
2594,138486232140139
2595,138486252275397
2596,138486272430418
2597,138486296549657
2598,138486316626643
2599,138486336207027
2600,138486356263770
2601,138486376334897
2602,138486396292332
2603,138486416076871
2604,138486436190521
2605,138486456208412
2606,138486476233110
2607,138486496150402
2608,138486516130017
2609,138486536165600
2610,138486556196421
2611,138486576149663
2612,138486596199695
2613,138486616993638
2614,138486640390883
2615,138486656204505
2616,138486676182943
2617,138486696148663
2618,138486716219759
2619,138486736204887
2620,138486756245523
2621,138486776100481
2622,138486800479765
2623,138486820089265
2624,138486840526101
2625,138486860488136
2626,138486880280438
2627,138486900526046
2628,138486920597102
2629,138486940365520
2630,138486960214527
2631,138486980140305
2632,138487000165922
2633,138487024643024
2634,138487044828008
2635,138487060044770
2636,138487079993024
2637,138487099936767
2638,138487121628005
2639,138487139983704
2640,138487159884833
2641,138487179964674
2642,138487200188626
2643,138487220094593
2644,138487239897338
2645,138487260357541
2646,138487280490910
2647,138487304633361
2648,138487324464391
2649,138487344260630
2650,138487364549119
2651,138487383957704
2652,138487403920304
2653,138487424116743
2654,138487444449248
2655,138487464182529
2656,138487484456848
2657,138487504575180
2658,138487524153970
2659,138487543914823
2660,138487564542289
2661,138487583954637
2662,138487604544724
2663,138487624963346
2664,138487644509031
2665,138487664478741
2666,138487684568826
2667,138487704872712
2668,138487724663504
2669,138487743958884
2670,138487764698155
2671,138487784513380
2672,138487808992391
2673,138487828531898
2674,138487848298993
2675,138487869797675
2676,138487888188509
2677,138487908518742
2678,138487928605295
2679,138487949245662
2680,138487968346813
2681,138487988224050
2682,138488008729767
2683,138488028431120
2684,138488048124883
2685,138488068133850
2686,138488088150999
2687,138488108228916
2688,138488128188918
2689,138488148158341
2690,138488168149228
2691,138488188153490
2692,138488208162834
2693,138488228126724
2694,138488248192683
2695,138488268105212
2696,138488288111608
2697,138488312075902
2698,138488332121705
2699,138488352204678
2700,138488373262974
2701,138488392527372
2702,138488412553642
2703,138488432110889
2704,138488452193615
2705,138488472142297
2706,138488492137855
2707,138488512093972
2708,138488532181685
2709,138488552128664
2710,138488572201889
2711,138488592128954
2712,138488612293645
2713,138488632375941
2714,138488652261189
2715,138488672739445
2716,138488692582913
2717,138488712173096
2718,138488732354123
2719,138488752590036
2720,138488772569230
2721,138488794302205
2722,138488816294905
2723,138488836147069
2724,138488856292700
2725,138488876486589
2726,138488897785199
2727,138488916387866
2728,138488936535968
2729,138488956334776
2730,138488976190787
2731,138488996123898
2732,138489016380640
2733,138489036496805
2734,138489056156450
2735,138489076510924
2736,138489096949122
2737,138489116523567
2738,138489136699790
2739,138489156267716
2740,138489176332667
2741,138489196432440
2742,138489216462825
2743,138489236261387
2744,138489256587225
2745,138489276437551
2746,138489296160696
2747,138489320382913
2748,138489340621204
2749,138489360562028
2750,138489380169375
2751,138489400162011
2752,138489420519927
2753,138489440424892
2754,138489460463230
2755,138489480368600
2756,138489500134408
2757,138489520073638
2758,138489540155125
2759,138489560091727
2760,138489580315794
2761,138489600387261
2762,138489620819501
2763,138489640386810
2764,138489660340863
2765,138489680273785
2766,138489700560668
2767,138489720183768
2768,138489740315950
2769,138489760085143
2770,138489780194427
2771,138489800239744
2772,138489824140882
2773,138489844743482
2774,138489864289114
2775,138489884254808
2776,138489904346675
2777,138489924223580
2778,138489945009274
2779,138489964208543
2780,138489984246806
2781,138490004207435
2782,138490024151162
2783,138490044217350
2784,138490064621312
2785,138490083991864
2786,138490104136647
2787,138490126123267
2788,138490144358043
2789,138490164323499
2790,138490184137794
2791,138490204091140
2792,138490224364990
2793,138490243921852
2794,138490264180926
2795,138490284441143
2796,138490304360051
2797,138490328262476
2798,138490348094147
2799,138490368215893
2800,138490388163381
2801,138490408042706
2802,138490428441225
2803,138490447885781
2804,138490468230343
2805,138490488342442
2806,138490508470467
2807,138490528452453
2808,138490548155695
2809,138490568306182
2810,138490588373621
2811,138490608473322
2812,138490629777984
2813,138490648049477
2814,138490668144723
2815,138490688990984
2816,138490708099352
2817,138490728130251
2818,138490748087669
2819,138490767929791
2820,138490788616406
2821,138490808187701
2822,138490832571778
2823,138490852301045
2824,138490873245157
2825,138490892054488
2826,138490912769435
2827,138490932235531
2828,138490952543729
2829,138490972256846
2830,138490992374291
2831,138491012271943
2832,138491032369512
2833,138491052080563
2834,138491072045924
2835,138491091953543
2836,138491112023180
2837,138491133063072
2838,138491152192396
2839,138491171959229
2840,138491192237904
2841,138491212402271
2842,138491232297914
2843,138491252044837
2844,138491272019259
2845,138491292645609
2846,138491312616060
2847,138491336603447
2848,138491356885390
2849,138491377193974
2850,138491396170232
2851,138491416132490
2852,138491435973073
2853,138491456089456
2854,138491476132300
2855,138491496053654
2856,138491516442770
2857,138491536515697
2858,138491556193336
2859,138491576117167
2860,138491596289842
2861,138491616088789
2862,138491636973813
2863,138491656950135
2864,138491676202541
2865,138491696192060
2866,138491716142584
2867,138491736217004
2868,138491756101653
2869,138491776119207
2870,138491796342664
2871,138491816155815
2872,138491840346871
2873,138491860341739
2874,138491881973520
2875,138491900557970
2876,138491920244986
2877,138491940118860
2878,138491960291855
2879,138491980206185
2880,138492000269387
2881,138492019932609
2882,138492040414937
2883,138492060163450
2884,138492080194983
2885,138492101981374
2886,138492120321875
2887,138492140340627
2888,138492160147197
2889,138492180138542
2890,138492199972677
2891,138492220231158
2892,138492240512687
2893,138492260109365
2894,138492279930129
2895,138492300133560
2896,138492320331866
2897,138492344504074
2898,138492364740411
2899,138492385321875
2900,138492404263885
2901,138492423930030
2902,138492444318454
2903,138492464406166
2904,138492484139240
2905,138492504042505
2906,138492523931921
2907,138492543865248
2908,138492564511640
2909,138492584508010
2910,138492604331257
2911,138492624236795
2912,138492644115076
2913,138492664072059
2914,138492684669700
2915,138492704254555
2916,138492724491717
2917,138492744163837
2918,138492763963389
2919,138492784254116
2920,138492804478853
2921,138492824090673
2922,138492849389913
2923,138492868069582
2924,138492888565320
2925,138492908247935
2926,138492928486880
2927,138492949623205
2928,138492968347070
2929,138492988072758
2930,138493008555871
2931,138493028241049
2932,138493048345098
2933,138493068127491
2934,138493088366452
2935,138493108150273
2936,138493127954154
2937,138493147992260
2938,138493168259422
2939,138493188160254
2940,138493208123840
2941,138493227974758
2942,138493248301730
2943,138493268162072
2944,138493288113973
2945,138493308176643
2946,138493328131154
2947,138493352040211
2948,138493372168616
2949,138493392109558
2950,138493412299329
2951,138493432080540
2952,138493451949537
2953,138493471867262
2954,138493492344107
2955,138493512063532
2956,138493532248539
2957,138493552325667
